Categoria;Rubro;Subrubro;Marca;Nombre_Producto;Medida;Precio
Almacén;Golosinas;Alfajores;Milka;Alfajor Triple Mousse Chocolate;55g;2758
Almacén;Golosinas;Chocolates;Cofler;Chocolate con Leche Aireado Leger;100g;2487
Almacén;Golosinas;Caramelos y Chupetines;Flynn Paff;Caramelos Masticables Sabor Tutti Frutti;140g;1745
Almacén;Golosinas;Chicles y Pastillas;Beldent;Chicles Menta Fuerte Sin Azúcar;8.5g;3037
Almacén;Golosinas;Bombones y Bocaditos;Cabsha;Bocadito Relleno de Dulce de Leche;18u;2892
Almacén;Golosinas;Confituras;Rocklets;Lentejas de Chocolate Surtidas;120g;1465
Almacén;Golosinas;Donas, Rolls y Bizcochuelos;Bagley;Bizcochuelo Relleno con Dulce de Leche;250g;806
Almacén;Golosinas;Gomitas y Gelatinas;Mogul;Gomitas de Eucalipto y Menta;150g;1323
Almacén;Golosinas;Malvaviscos;Festy;Malvaviscos Color Surtido;150g;2237
Almacén;Golosinas;Obleas, Turrones y Postres de Maní;Mantecol;Postre de Maní Tradicional Navideño;250g;1424
Almacén;Golosinas;Tabletas;Cofler;Chocolate con Leche Aireado Leger;100g;2382
Almacén;Panaderia;Galletitas;Bagley;Galletitas Dulces Surtido Familiar;400g;4270
Almacén;Panaderia;Panaderia Propia;Coto;Pan Mignon de Elaboración Propia;1kg;4095
Almacén;Panaderia;Panificados;Lactal;Pan de Molde Blanco Familiar;560g;3191
Almacén;Panaderia;Galletas, Tostadas y Grisines;Bagley;Galletitas Dulces Surtido Familiar;400g;2489
Almacén;Panaderia;Bizcochos;9 de Oro;Bizcochos de Grasa Clásicos;200g;1661
Almacén;Panaderia;Bizcochuelos y Especialidades;Coto;Especialidad de Panadería Bizcochuelos y Especialidades;500g;3738
Almacén;Panaderia;Turrones y Confituras;Coto;Especialidad de Panadería Turrones y Confituras;500g;4110
Almacén;Panaderia;Budines;Coto;Especialidad de Panadería Budines;500g;3333
Almacén;Panaderia;Pan Dulce;Don Satur;Pan Dulce con Frutas Abrillantadas;500g;2233
Almacén;Snacks;Papas Fritas;Lay's;Papas Fritas Clásicas con Sal;150g;2808
Almacén;Snacks;Bastones de Maiz;Cheetos;Bastones de Maíz Sabor Queso;120g;1664
Almacén;Snacks;Mani;Pehuamar;Maní Salado Pelado Tradicional;150g;1555
Almacén;Snacks;Palitos;Krachitos;Palitos Salados Clásicos de Copetín;120g;3346
Almacén;Snacks;Galletitas Copetin;Saladix;Galletitas Copetín Sabor Jamón;120g;2603
Almacén;Snacks;Maiz Saborizado;Cheetos;Bastones de Maíz Sabor Queso;120g;2465
Almacén;Snacks;Nachos;Macritas;Nachos de Maíz Clásicos Bolsa;150g;3349
Almacén;Snacks;Snacks Especiales;Lay's;Snack Saborizado Snacks Especiales;120g;1303
Almacén;Cereales;Cereales con Azúcar;Kellogg's;Zucaritas Copos de Maíz Azucarados;300g;2901
Almacén;Cereales;Cereales Infantiles;Nestlé;Cereal Infantil Nesquik de Chocolate;230g;4002
Almacén;Cereales;Break Saludables;Granix;Cereal de Break Saludables;250g;4956
Almacén;Cereales;Barras de Arroz;Granix;Barras de Cereal con Frutilla y Avena;6u;4161
Almacén;Cereales;Cereales de Avena;Quaker;Avena Instantánea Tradicional Bolsa;350g;3734
Almacén;Cereales;Avena;Quaker;Avena Instantánea Tradicional Bolsa;350g;5362
Almacén;Cereales;Barras;Granix;Barras de Cereal con Frutilla y Avena;6u;2369
Almacén;Cereales;Granola;Tres Arroyos;Granola con Almendras y Coco;300g;4285
Almacén;Cereales;Fitness;Granix;Cereal de Fitness;250g;2522
Almacén;Cereales;Salvado de Avena;Quaker;Avena Instantánea Tradicional Bolsa;350g;2023
Almacén;Endulzantes;Azúcar;Ledesma;Azúcar Común Tipo A Blanca;1kg;1527
Almacén;Endulzantes;Edulcorante;Hileret;Edulcorante Líquido con Stevia Forte;200ml;1275
Almacén;Aderezos y Salsas;Mayonesas;Hellmann's;Mayonesa Clásica Sachet Familiar;500g;6138
Almacén;Aderezos y Salsas;Mostazas;Savora;Mostaza Tradicional con Especias Sachet;250g;3080
Almacén;Aderezos y Salsas;Ketchup;Hellmann's;Ketchup Clásico Sachet Regular;250g;2253
Almacén;Aderezos y Salsas;Salsas Golf;Natura;Salsa Golf Tradicional Sachet;250g;4596
Almacén;Aderezos y Salsas;Aderezo Caesar;Natura;Aderezo Especial Sabor Aderezo Caesar;250g;1589
Almacén;Aderezos y Salsas;Aderezo de Soja;Natura;Aderezo Especial Sabor Aderezo de Soja;250g;4197
Almacén;Aderezos y Salsas;Aderezo Yogur;Natura;Aderezo Especial Sabor Aderezo Yogur;250g;2094
Almacén;Aderezos y Salsas;Aderezo Dkt;Natura;Aderezo Especial Sabor Aderezo Dkt;250g;1958
Almacén;Aderezos y Salsas;Barbacoa;Heinz;Salsa Barbacoa Estilo Americano;390g;4793
Almacén;Aderezos y Salsas;Chimichurri;Dos Anclas;Salsa Chimichurri Tradicional Argentina;200cc;4866
Almacén;Aderezos y Salsas;Salsa Inglesa;La Virginia;Salsa Inglesa Condimento;150cc;1761
Almacén;Aderezos y Salsas;Tabasco;Tabasco;Salsa Picante Roja Original Vidrio;60ml;5377
Almacén;Aderezos y Salsas;Condimentos Saborizantes;Natura;Aderezo Especial Sabor Condimentos Saborizantes;250g;5726
Almacén;Aderezos y Salsas;Quesos;Natura;Aderezo Especial Sabor Quesos;250g;4375
Almacén;Aderezos y Salsas;Aderezos Refrigerados;Natura;Aderezo Especial Sabor Aderezos Refrigerados;250g;6704
Almacén;Aderezos y Salsas;Salsa Picante;Tabasco;Salsa Picante Roja Original Vidrio;60ml;4011
Almacén;Aderezos y Salsas;Salsa de Ajo;Natura;Aderezo Especial Sabor Salsa de Ajo;250g;3712
Almacén;Aderezos y Salsas;Aderezo Barbacoa;Heinz;Salsa Barbacoa Estilo Americano;390g;2895
Almacén;Aderezos y Salsas;Pesto;Natura;Aderezo Especial Sabor Pesto;250g;1518
Almacén;Aderezos y Salsas;Salsa Blanca;Natura;Aderezo Especial Sabor Salsa Blanca;250g;3841
Almacén;Aderezos y Salsas;Salsa Guacamole;Natura;Aderezo Especial Sabor Salsa Guacamole;250g;3611
Almacén;Aderezos y Salsas;Babaganush;Natura;Aderezo Especial Sabor Babaganush;250g;6576
Almacén;Aderezos y Salsas;Coleslaw;Natura;Aderezo Especial Sabor Coleslaw;250g;3897
Almacén;Infusiones;Café;Nescafé;Café Soluble Instantáneo Tradicional;170g;3306
Almacén;Infusiones;Mate;Playadito;Yerba Mate con Palo Confort Elaborada;1kg;5741
Almacén;Infusiones;Té;La Virginia;Té Negro Clásico Hebras Filtro;100 Saquitos;9685
Almacén;Infusiones;Cacao en Polvo;Nesquik;Cacao en Polvo Instantáneo Sabor Chocolate;360g;6601
Almacén;Infusiones;Mate Cocido;Taragüí;Mate Cocido en Saquitos Clásico;50u;10028
Almacén;Infusiones;Complementos para Infusiones;La Virginia;Infusión Saborizada Complementos para Infusiones;20 Saquitos;7458
Almacén;Infusiones;Cebada;La Virginia;Infusión Saborizada Cebada;20 Saquitos;5352
Almacén;Conservas;Conservas de Carne;Swift;Picadillo de Carne Vacuna Lata;90g;1624
Almacén;Conservas;Conservas de Frutas;La Campagnola;Duraznos en Almíbar Mitades Lata;820g;1878
Almacén;Conservas;Conservas de Pescado;Gomes da Costa;Atún Desmenuzado en Aceite Natural;170g;5062
Almacén;Conservas;Conservas Vegetal;Arcor;Choclo Amarillo Entero en Granos Lata;300g;5946
Almacén;Conservas;Comidas Listas;La Campagnola;Conserva Premium Comidas Listas;340g;3890
Almacén;Harinas;Harina de Arroz;Morixe;Harina Especial de Harina de Arroz;1kg;4086
Almacén;Harinas;Harina de Trigo;Morixe;Harina de Trigo Tipo 0000 Ultrafina;1kg;2780
Almacén;Harinas;Harina de Maíz;Presto Pronta;Harina de Maíz Instantánea Polenta;500g;2691
Almacén;Harinas;Premezcla;Exquisita;Premezcla para Torta Bizcochuelo Chocolate;540g;2752
Almacén;Harinas;Sémola;Morixe;Harina Especial de Sémola;1kg;2653
Almacén;Harinas;Harina Orgánica;Morixe;Harina Especial de Harina Orgánica;1kg;2571
Almacén;Harinas;Harina sin Gluten;Pureza;Harina Sin T.A.C.C. Especial Gluten Free;500g;2974
Almacén;Harinas;Harina Leudante;Blancaflor;Harina de Trigo Leudante Clásica;1kg;1333
Almacén;Harinas;Cous Cous;Morixe;Harina Especial de Cous Cous;1kg;3782
Almacén;Harinas;Garbanzo;Morixe;Harina Especial de Garbanzo;1kg;5840
Almacén;Harinas;Harina Integral;Morixe;Harina Especial de Harina Integral;1kg;4479
Almacén;Harinas;Harina de Legumbres;Morixe;Harina Especial de Harina de Legumbres;1kg;4743
Almacén;Harinas;Harina de Maní;Morixe;Harina Especial de Harina de Maní;1kg;2761
Almacén;Harinas;Harina de Almendras;Morixe;Harina Especial de Harina de Almendras;1kg;4084
Almacén;Encurtidos;Aceitunas;Nucete;Aceitunas Verdes en Salmuera Descarozadas;200g;4801
Almacén;Encurtidos;Ají;La Toscana;Encurtido Tradicional Ají;200g;4273
Almacén;Encurtidos;Alcaparras;La Toscana;Encurtido Tradicional Alcaparras;200g;2952
Almacén;Encurtidos;Alcaucil;La Toscana;Encurtido Tradicional Alcaucil;200g;4680
Almacén;Encurtidos;Berenjenas;La Toscana;Encurtido Tradicional Berenjenas;200g;4307
Almacén;Encurtidos;Cebollitas;La Toscana;Encurtido Tradicional Cebollitas;200g;2563
Almacén;Encurtidos;Chiles;La Toscana;Encurtido Tradicional Chiles;200g;1594
Almacén;Encurtidos;Espárragos;La Toscana;Encurtido Tradicional Espárragos;200g;2883
Almacén;Encurtidos;Pepinito;Coto;Pepinillos en Vinagre Seleccionados;330g;1423
Almacén;Encurtidos;Pickles;Coto;Pepinillos en Vinagre Seleccionados;330g;5969
Almacén;Encurtidos;Tomates;La Toscana;Encurtido Tradicional Tomates;200g;1963
Almacén;Encurtidos;Hongos;La Toscana;Encurtido Tradicional Hongos;200g;3040
Almacén;Encurtidos;Chucrut;La Toscana;Encurtido Tradicional Chucrut;200g;4004
Almacén;Mermeladas y Dulces;Mermeladas;BC La Campagnola;Mermelada de Durazno Dietética Frasco;390g;2184
Almacén;Mermeladas y Dulces;Dulce;Arcor;Dulce de Membrillo Sólido Caja;500g;3896
Almacén;Mermeladas y Dulces;Miel;Alemany;Miel Pura de Abejas Natural Pote;250g;2548
Almacén;Mermeladas y Dulces;Jalea;Arcor;Dulce Tradicional Sabor Jalea;450g;2040
Almacén;Salsas y Puré de Tomate;Puré de Tomate;Arcor;Puré de Tomate Libre de Gluten Brick;520g;1937
Almacén;Salsas y Puré de Tomate;Pulpa de Tomate;Pomarola;Salsa Preparada Pomarola para Pastas;340g;2456
Almacén;Salsas y Puré de Tomate;Extracto Tomates;Pomarola;Salsa Preparada Pomarola para Pastas;340g;5283
Almacén;Salsas y Puré de Tomate;Salsas Preparadas;Pomarola;Salsa Preparada Pomarola para Pastas;340g;1639
Almacén;Salsas y Puré de Tomate;Tomate Triturado;La Campagnola;Tomates Peritas Enteros al Natural;400g;6127
Almacén;Salsas y Puré de Tomate;Tomate Al Natural;La Campagnola;Tomates Peritas Enteros al Natural;400g;1746
Almacén;Salsas y Puré de Tomate;Pesto;Pomarola;Salsa Preparada Pomarola para Pastas;340g;5188
Almacén;Aceites y Condimentos;Aceites;Natura;Aceite de Girasol Pureza Familiar;1.5L;3843
Almacén;Aceites y Condimentos;Condimentos;Dos Anclas;Aderezo Líquido Condimentos;500ml;2840
Almacén;Aceites y Condimentos;Vinagres;Casalta;Vinagre de Alcohol Blanco Selección;500ml;3308
Almacén;Alimento de Bebés y Niños;Alimentos para Bebé;Nestum;Papilla de Cereales Instantánea para Bebé;250g;2397
Almacén;Alimento de Bebés y Niños;Infusiones Infantiles;Nestum;Papilla de Cereales Instantánea para Bebé;250g;3142
Almacén;Arroz y Legumbres;Arroz;Gallo;Arroz Doble Carolina No Se Pasa Bolsa;1kg;1896
Almacén;Arroz y Legumbres;Legumbres;Coto;Lentejas Secas Importadas en Bolsa;500g;2118
Almacén;Especias;Especias;Alicante;Condimento Especias Seleccionadas Especias;25g;1753
Almacén;Especias;Semillas;Alicante;Condimento Especias Seleccionadas Semillas;25g;1606
Almacén;Pasta Seca, Lista y Rellenas;Pasta Lista y Rellena;Matarazzo;Fideos Secos Tallarines al Huevo Bolsa;500g;3148
Almacén;Pasta Seca, Lista y Rellenas;Pastas Secas;Matarazzo;Fideos Secos Tallarines al Huevo Bolsa;500g;3124
Almacén;Polvo para Postres y Reposteria;Premezcla Postres;Royal;Polvo para Preparar Gelatina Sabor Cereza;40g;6306
Almacén;Polvo para Postres y Reposteria;Repostería;Royal;Polvo para Preparar Gelatina Sabor Cereza;40g;6060
Almacén;Sopas, Caldos, Puré y Saborizantes;Mezcla Lista;Knorr;Caldo de Verdura en Cubitos Saborizador;12u;6384
Almacén;Sopas, Caldos, Puré y Saborizantes;Sopas y Saborizantes;Knorr;Caldo de Verdura en Cubitos Saborizador;12u;3198
Almacén;Rebozador y Pan Rallado;Pan Rallado;Preferido;Pan Rallado Clásico Crujiente Bolsa;1kg;3006
Almacén;Rebozador y Pan Rallado;Rebozador;Preferido;Pan Rallado Clásico Crujiente Bolsa;1kg;1822
Almacén;Leche en Polvo;Leche en Polvo;La Serenísima;Leche Entera en Polvo Fortificada Instantánea;400g;4118
Almacén;Suplementos Dietarios;Suplementos Dietarios;Redoxon;Vitamina C Efervescente Comprimidos;10u;2144
Almacén;Productos Orgánicos;Productos Orgánicos;Campo Claro;Arroz Integral Orgánico Orgánico;1kg;2073
Bebidas;Bebidas sin Alcohol;Aguas;Villa del Sur;Agua Mineral Natural Sin Gas Bidón;6L;3130
Bebidas;Bebidas sin Alcohol;Gaseosas;Coca-Cola;Gaseosa Cola Sabor Original Tradicional;2.25L;2460
Bebidas;Bebidas sin Alcohol;Jugos;Cepita;Jugo de Naranja con Pulpa Del Valle;1L;2319
Bebidas;Bebidas sin Alcohol;Amargos;Baggio;Refresco Saborizado Amargos;1.5L;1974
Bebidas;Bebidas sin Alcohol;Energizantes;Red Bull;Bebida Energizante Original Lata;250ml;2526
Bebidas;Bebidas sin Alcohol;Bebidas Isotónicas;Gatorade;Bebida Isotónica Sabor Manzana Botella;500ml;2951
Bebidas;Bebidas sin Alcohol;Bebida Herbal;Baggio;Refresco Saborizado Bebida Herbal;1.5L;3057
Bebidas;Bebidas sin Alcohol;Granadinas;Baggio;Refresco Saborizado Granadinas;1.5L;1912
Bebidas;Bebidas sin Alcohol;Sidras;Baggio;Refresco Saborizado Sidras;1.5L;2380
Bebidas;Bebidas sin Alcohol;Malta;Baggio;Refresco Saborizado Malta;1.5L;2162
Bebidas;Bebidas sin Alcohol;Refrescos;Baggio;Refresco Saborizado Refrescos;1.5L;2956
Bebidas;Bebidas con Alcohol;Aperitivos;Fernet Branca;Aperitivo de Hierbas Amargas Tradicional;750ml;10711
Bebidas;Bebidas con Alcohol;Cerveza;Stella Artois;Cerveza Rubia Premium Importada Lata;473ml;4582
Bebidas;Bebidas con Alcohol;Champagne y Espumantes;Chandon;Champagne Extra Brut Espumante Botella;750ml;20637
Bebidas;Bebidas con Alcohol;Vinos;Rutini;Vino Tinto Malbec Mendoza Roble;750ml;8235
Bebidas;Bebidas con Alcohol;Bebidas Blancas y Destiladas;Smirnoff;Bebida Destilada Blanca Bebidas Blancas y Destiladas;750ml;48443
Bebidas;Bebidas con Alcohol;Whiskys;Smirnoff;Bebida Destilada Blanca Whiskys;750ml;18465
Bebidas;Bebidas con Alcohol;Licores;Smirnoff;Bebida Destilada Blanca Licores;750ml;10748
Bebidas;Bebidas con Alcohol;Habanos;Smirnoff;Bebida Destilada Blanca Habanos;750ml;53877
Frescos;Lácteos;Cremas;Tregar;Crema de Leche para Cocinar Sachet;200g;2187
Frescos;Lácteos;Leches;La Serenísima;Leche Entera Ultra Pasteurizada Sachet;1L;1727
Frescos;Lácteos;Yogures;Yogurísimo;Yogur Entero Frutilla con Cereales Firme;190g;3017
Frescos;Lácteos;Dulce de Leche;La Serenísima;Leche Entera Ultra Pasteurizada Sachet;1L;4121
Frescos;Lácteos;Mantecas y Margarinas;Milkaut;Manteca de Primera Calidad Pan;200g;4159
Frescos;Lácteos;Levaduras;Tregar;Producto Lácteo Levaduras;200g;3095
Frescos;Lácteos;Grasas Animales;Tregar;Producto Lácteo Grasas Animales;200g;2667
Frescos;Lácteos;Ricottas;Tregar;Producto Lácteo Ricottas;200g;2458
Frescos;Lácteos;Postres;Tregar;Producto Lácteo Postres;200g;1928
Frescos;Lácteos;Alimentos Vegetales;Tregar;Producto Lácteo Alimentos Vegetales;200g;2111
Frescos;Lácteos;Salsas y Aderezos;Tregar;Producto Lácteo Salsas y Aderezos;200g;1442
Frescos;Lácteos;Hummus;Tregar;Producto Lácteo Hummus;200g;1541
Frescos;Lácteos;Alimento Lácteo;Tregar;Producto Lácteo Alimento Lácteo;200g;3875
Frescos;Fiambres;Fiambres;Paladini;Jamón Cocido Feteado Premium;150g;12671
Frescos;Fiambres;Salchichas y Pates;Vieníssima;Salchichas de Copetín de Carne Vacuna;6u;15216
Frescos;Quesos;Quesos Veganos;La Paulina;Queso Quesos Veganos Seleccionado;500g;5317
Frescos;Quesos;Quesos Especiales;La Paulina;Queso Quesos Especiales Seleccionado;500g;9418
Frescos;Quesos;Queso Rallado;La Paulina;Queso Rallado Reggianito Hebras Sachet;120g;4289
Frescos;Quesos;Queso Crema y Untables;Casancrem;Queso Crema Clásico Pote Familiar;480g;2892
Frescos;Quesos;Quesos Duros;La Paulina;Queso Quesos Duros Seleccionado;500g;6292
Frescos;Quesos;Dulces;La Paulina;Queso Dulces Seleccionado;500g;10671
Frescos;Quesos;Queso Fundido;La Paulina;Queso Queso Fundido Seleccionado;500g;2850
Frescos;Quesos;Queso Semiduro;La Paulina;Queso Queso Semiduro Seleccionado;500g;8166
Frescos;Quesos;Quesos Blandos;La Serenísima;Queso Cremón Doble Crema por Kilo;1kg;7145
Frescos;Quesos;Tofu;La Paulina;Queso Tofu Seleccionado;500g;3994
Frescos;Carniceria;Carnes;Coto;Corte Vacuno de Carnes Premium;1kg;9764
Frescos;Carniceria;Carnes Elaboradas;Coto;Corte Vacuno de Carnes Elaboradas Premium;1kg;15890
Frescos;Carniceria;Embutidos;Coto;Corte Vacuno de Embutidos Premium;1kg;13682
Frescos;Carniceria;Granja;Coto;Corte Vacuno de Granja Premium;1kg;9185
Frescos;Aves;Pollo Entero Fresco;Coto;Pollo de Granja Fresco Pollo Entero Fresco;1kg;12901
Frescos;Aves;Pollo Trozado Fresco;Coto;Pollo de Granja Fresco Pollo Trozado Fresco;1kg;8638
Frescos;Aves;Pollo Entero Congelado;Coto;Pollo de Granja Fresco Pollo Entero Congelado;1kg;4348
Frescos;Aves;Pollo Trozado Congelado;Coto;Pollo de Granja Fresco Pollo Trozado Congelado;1kg;10216
Frescos;Pastas Frescas y Tapas;Fideos y Ñoquis;Villa d'Agri;Ravioles de Ricotta y Espinaca Frescos;500g;6066
Frescos;Pastas Frescas y Tapas;Pastas Rellenas;Villa d'Agri;Ravioles de Ricotta y Espinaca Frescos;500g;3483
Frescos;Pastas Frescas y Tapas;Tapas para Pascualina y Empanadas;La Salteña;Tapas para Empanadas de Hojaldre x 12u;300g;5414
Frescos;Pastas Frescas y Tapas;Masas Preparadas;Villa d'Agri;Ravioles de Ricotta y Espinaca Frescos;500g;3295
Frescos;Pastas Frescas y Tapas;Bollos y Tapas;La Salteña;Tapas para Empanadas de Hojaldre x 12u;300g;7544
Frescos;Comidas Elaboradas;Pizzas, Tartas y Empanadas;Coto;Fresco Elaborado Pizzas, Tartas y Empanadas;1kg;5338
Frescos;Comidas Elaboradas;Platos y Guarniciones;Coto;Fresco Elaborado Platos y Guarniciones;1kg;5880
Frescos;Comidas Elaboradas;Listos para Congelar;Coto;Fresco Elaborado Listos para Congelar;1kg;2623
Frescos;Comidas Elaboradas;X Unidad - Porción;Coto;Fresco Elaborado X Unidad - Porción;1kg;5297
Frescos;Comidas Elaboradas;X Kg;Coto;Fresco Elaborado X Kg;1kg;2405
Frescos;Frutas y Verduras;Frutas;Coto;Frutas de Temporada Seleccionada;1kg;1783
Frescos;Frutas y Verduras;Verduras;Coto;Verduras de Temporada Seleccionada;1kg;1574
Frescos;Frutas y Verduras;Productos Orgánicos;Coto;Productos Orgánicos de Temporada Seleccionada;1kg;1295
Frescos;Frutas y Verduras;Frutas Secas y Desecadas;Coto;Frutas Secas y Desecadas de Temporada Seleccionada;1kg;1210
Frescos;Frutas y Verduras;Champignones;Coto;Champignones de Temporada Seleccionada;1kg;3400
Frescos;Frutas y Verduras;Cereales y Harinas;Coto;Cereales y Harinas de Temporada Seleccionada;1kg;1277
Frescos;Frutas y Verduras;Hierbas Aromáticas;Coto;Hierbas Aromáticas de Temporada Seleccionada;1kg;1236
Frescos;Frutas y Verduras;Legumbres;Coto;Legumbres de Temporada Seleccionada;1kg;1683
Frescos;Pescaderia;Entero Eviscerado;Coto;Pescado Fresco Filet de Entero Eviscerado;1kg;7258
Frescos;Pescaderia;Filete;Coto;Pescado Fresco Filet de Filete;1kg;13254
Frescos;Pescaderia;Semiconserva;Coto;Pescado Fresco Filet de Semiconserva;1kg;8670
Frescos;Huevos;Huevos Blanco;Coto;Huevos Huevos Blanco Maple Grande;30u;8140
Frescos;Huevos;Huevos Color;Coto;Huevos Huevos Color Maple Grande;30u;6307
Congelados;Pescaderia;Mariscos;Swift;Congelado Listo Mariscos;500g;7521
Congelados;Pescaderia;Pescado de Mar;Swift;Congelado Listo Pescado de Mar;500g;8862
Congelados;Pescaderia;Rebozados;Swift;Congelado Listo Rebozados;500g;5791
Congelados;Pescaderia;Salmón y Trucha;Swift;Congelado Listo Salmón y Trucha;500g;10356
Congelados;Pescaderia;Pescado de Rio;Swift;Congelado Listo Pescado de Rio;500g;8787
Congelados;Pescaderia;Varitas de Surimi;Swift;Congelado Listo Varitas de Surimi;500g;14795
Congelados;Pescaderia;Especiales;Swift;Congelado Listo Especiales;500g;6645
Congelados;Nuggets, Patitas y Bocaditos;Nuggets;Granja del Sol;Bocaditos de Pollo Crujientes Nuggets;400g;4196
Congelados;Nuggets, Patitas y Bocaditos;Patitas;Granja del Sol;Bocaditos de Pollo Crujientes Nuggets;400g;6441
Congelados;Nuggets, Patitas y Bocaditos;Bocaditos y Formitas;Granja del Sol;Bocaditos de Pollo Crujientes Nuggets;400g;2555
Congelados;Nuggets, Patitas y Bocaditos;Bastones de Mozzarella;Granja del Sol;Bocaditos de Pollo Crujientes Nuggets;400g;3276
Congelados;Nuggets, Patitas y Bocaditos;Aros de Cebolla;Granja del Sol;Bocaditos de Pollo Crujientes Nuggets;400g;4716
Congelados;Nuggets, Patitas y Bocaditos;Waffles;Granja del Sol;Bocaditos de Pollo Crujientes Nuggets;400g;5285
Congelados;Hamburguesas y Milanesas;Hamburguesas y Medallones;Paty;Hamburguesas de Carne Vacuna Clásica Caja;4u;2706
Congelados;Hamburguesas y Milanesas;Milanesas y Supremas;Granja del Sol;Milanesas de Soja Congeladas Caja;4u;3002
Congelados;Papas Congeladas / Fritas;Papas Bastón;McCain;Papas Bastón Congeladas Tradicional;1kg;4079
Congelados;Papas Congeladas / Fritas;Papas Noisettes;McCain;Papas Bastón Congeladas Tradicional;1kg;4626
Congelados;Papas Congeladas / Fritas;Papas con Formas;McCain;Papas Bastón Congeladas Tradicional;1kg;3606
Congelados;Papas Congeladas / Fritas;Papas Estilo Casero;McCain;Papas Bastón Congeladas Tradicional;1kg;2283
Congelados;Papas Congeladas / Fritas;Papas para Horno;McCain;Papas Bastón Congeladas Tradicional;1kg;4535
Congelados;Papas Congeladas / Fritas;Papas Golden Longs;McCain;Papas Bastón Congeladas Tradicional;1kg;2693
Congelados;Papas Congeladas / Fritas;Papas Rústicas;McCain;Papas Bastón Congeladas Tradicional;1kg;4494
Congelados;Papas Congeladas / Fritas;Papas Crinkle;McCain;Papas Bastón Congeladas Tradicional;1kg;1821
Congelados;Helados y Postres;Postres Helados;Frigor;Balde de Helado sabor Dulce de Leche y Crema;1L;8352
Congelados;Helados y Postres;Helados en Pote;Frigor;Balde de Helado sabor Dulce de Leche y Crema;1L;5238
Congelados;Helados y Postres;Helados en Palito;Frigor;Balde de Helado sabor Dulce de Leche y Crema;1L;4732
Congelados;Helados y Postres;Yogur Helado;Frigor;Balde de Helado sabor Dulce de Leche y Crema;1L;4857
Congelados;Helados y Postres;Volcán;Frigor;Balde de Helado sabor Dulce de Leche y Crema;1L;4901
Congelados;Helados y Postres;Waffles;Frigor;Balde de Helado sabor Dulce de Leche y Crema;1L;14361
Congelados;Comidas Congeladas;Pizzas y Pizzetas;Swift;Congelado Listo Pizzas y Pizzetas;500g;4827
Congelados;Comidas Congeladas;Pastas Congeladas;Swift;Congelado Listo Pastas Congeladas;500g;5551
Congelados;Comidas Congeladas;Panificados;Swift;Congelado Listo Panificados;500g;5419
Congelados;Comidas Congeladas;Empanadas y Tartas;Swift;Congelado Listo Empanadas y Tartas;500g;6264
Congelados;Comidas Congeladas;Rellenos;Swift;Congelado Listo Rellenos;500g;4732
Congelados;Comidas Congeladas;Salchichas de Soja;Swift;Congelado Listo Salchichas de Soja;500g;2509
Congelados;Comidas Congeladas;Burritos;Swift;Congelado Listo Burritos;500g;4722
Congelados;Comidas Congeladas;Tortilla de Papas;Swift;Congelado Listo Tortilla de Papas;500g;4301
Congelados;Comidas Congeladas;Arrollados;Swift;Congelado Listo Arrollados;500g;6989
Congelados;Comidas Congeladas;Salchichas;Swift;Congelado Listo Salchichas;500g;4966
Congelados;Vegetales Congelados;Acelga;Green Life;Espinaca Picada Congelada Súper Práctica;400g;3325
Congelados;Vegetales Congelados;Cebollas;Green Life;Espinaca Picada Congelada Súper Práctica;400g;7519
Congelados;Vegetales Congelados;Vegetales para Saltear;Green Life;Espinaca Picada Congelada Súper Práctica;400g;3808
Congelados;Vegetales Congelados;Espinacas;Green Life;Espinaca Picada Congelada Súper Práctica;400g;5779
Congelados;Vegetales Congelados;Chauchas;Green Life;Espinaca Picada Congelada Súper Práctica;400g;7658
Congelados;Vegetales Congelados;Brocoli;Green Life;Espinaca Picada Congelada Súper Práctica;400g;5656
Congelados;Vegetales Congelados;Choclos;Green Life;Espinaca Picada Congelada Súper Práctica;400g;6927
Congelados;Vegetales Congelados;Ensalada Primavera;Green Life;Espinaca Picada Congelada Súper Práctica;400g;4374
Congelados;Vegetales Congelados;Morrón;Green Life;Espinaca Picada Congelada Súper Práctica;400g;7706
Congelados;Vegetales Congelados;Arvejas;Green Life;Espinaca Picada Congelada Súper Práctica;400g;4566
Congelados;Frutas Congeladas;Arándanos;Green Life;Arándanos Enteros Congelados Bolsa;300g;2538
Congelados;Frutas Congeladas;Cerezas;Green Life;Arándanos Enteros Congelados Bolsa;300g;6423
Congelados;Frutas Congeladas;Frutillas;Green Life;Arándanos Enteros Congelados Bolsa;300g;3026
Congelados;Frutas Congeladas;Frambuesas;Green Life;Arándanos Enteros Congelados Bolsa;300g;5202
Congelados;Frutas Congeladas;Mango;Green Life;Arándanos Enteros Congelados Bolsa;300g;6807
Congelados;Frutas Congeladas;Moras;Green Life;Arándanos Enteros Congelados Bolsa;300g;5735
Congelados;Frutas Congeladas;Mix de Frutas;Green Life;Arándanos Enteros Congelados Bolsa;300g;7199
Congelados;Frutas Congeladas;Palta;Green Life;Arándanos Enteros Congelados Bolsa;300g;6923
Congelados;Frutas Congeladas;Maracuya;Green Life;Arándanos Enteros Congelados Bolsa;300g;2311
Congelados;Frutas Congeladas;Banana;Green Life;Arándanos Enteros Congelados Bolsa;300g;7304
Limpieza;Lavado;Jabón Liquido y en Polvo;Ala;Jabón Líquido para Ropa Botella Recarga;3L;9274
Limpieza;Lavado;Enjuagues y Suavizantes;Vivere;Suavizante para Ropa Perfume Clásico;3L;6731
Limpieza;Lavado;Quitamanchas;Vanish;Quitamanchas Líquido Ropa Color Botella;1L;8851
Limpieza;Lavado;Prelavado;Vanish;Quitamanchas Líquido Ropa Color Botella;1L;8504
Limpieza;Lavado;Potenciador de Aroma para el Lavado;Vanish;Quitamanchas Líquido Ropa Color Botella;1L;5670
Limpieza;Lavado;Fragancias para la Ropa;Vanish;Quitamanchas Líquido Ropa Color Botella;1L;7608
Limpieza;Lavado;Reforzado de Lavado;Vanish;Quitamanchas Líquido Ropa Color Botella;1L;11293
Limpieza;Lavado;Apresto;Vanish;Quitamanchas Líquido Ropa Color Botella;1L;2905
Limpieza;Lavado;Jabón en Barra;Ala;Jabón Líquido para Ropa Botella Recarga;3L;6769
Limpieza;Lavado;Detergente para Ropa;Vanish;Quitamanchas Líquido Ropa Color Botella;1L;6348
Limpieza;Papeles;Papel Higiénico;Elite;Papel Higiénico Doble Hoja Ultra Suave;4u;3839
Limpieza;Papeles;Pañuelos;Campanita;Servilletas de Papel Blancas Bolsa;80u;5573
Limpieza;Papeles;Rollo de Cocina;Scott;Rollos de Cocina Súper Absorbentes Multiuso;3u;3144
Limpieza;Papeles;Servilletas;Campanita;Servilletas de Papel Blancas Bolsa;80u;2314
Limpieza;Papeles;Toallas Humedas;Campanita;Servilletas de Papel Blancas Bolsa;80u;2642
Limpieza;Papeles;Individuales;Campanita;Servilletas de Papel Blancas Bolsa;80u;3000
Limpieza;Insecticidas;Cucarachas;Raid;Insecticida Aerosol Moscas y Mosquitos Base Agua;360ml;4267
Limpieza;Insecticidas;Hormigas;Raid;Insecticida Aerosol Moscas y Mosquitos Base Agua;360ml;2674
Limpieza;Insecticidas;Moscas y Mosquitos;Raid;Insecticida Aerosol Moscas y Mosquitos Base Agua;360ml;2125
Limpieza;Insecticidas;Pulgas y Garrapatas;Raid;Insecticida Aerosol Moscas y Mosquitos Base Agua;360ml;2239
Limpieza;Insecticidas;Polillas;Raid;Insecticida Aerosol Moscas y Mosquitos Base Agua;360ml;2026
Limpieza;Insecticidas;Ratas;Raid;Insecticida Aerosol Moscas y Mosquitos Base Agua;360ml;4080
Limpieza;Calzado;Cepillos de Lustre;Wassington;Pomada para Lustrar Calzado Color Negro;40g;1738
Limpieza;Calzado;Pomada para Zapatos;Wassington;Pomada para Lustrar Calzado Color Negro;40g;1636
Limpieza;Calzado;Detergente para Lavado;Wassington;Pomada para Lustrar Calzado Color Negro;40g;1104
Limpieza;Calzado;Plantillas;Wassington;Pomada para Lustrar Calzado Color Negro;40g;4370
Limpieza;Accesorios de Limpieza;Bolsas;Coto;Bolsas de Consorcio Resistentes x 10u;60x90cm;3021
Limpieza;Accesorios de Limpieza;Esponjas y Guantes;Scotch-Brite;Esponja de Fibra Verde Doble Acción Multiuso;3u;1791
Limpieza;Accesorios de Limpieza;Escobas y Escobillones;Mortimer;Accesorio Limpieza Escobas y Escobillones;1u;2527
Limpieza;Accesorios de Limpieza;Palas y Cabos;Mortimer;Accesorio Limpieza Palas y Cabos;1u;3431
Limpieza;Accesorios de Limpieza;Baldes y Mopas;Mortimer;Accesorio Limpieza Baldes y Mopas;1u;3486
Limpieza;Accesorios de Limpieza;Broches;Mortimer;Accesorio Limpieza Broches;1u;3800
Limpieza;Accesorios de Limpieza;Secadores y Cepillos;Mortimer;Accesorio Limpieza Secadores y Cepillos;1u;1588
Limpieza;Accesorios de Limpieza;Trapo de Pisos;Mortimer;Accesorio Limpieza Trapo de Pisos;1u;1788
Limpieza;Accesorios de Limpieza;Plumeros;Mortimer;Accesorio Limpieza Plumeros;1u;2647
Limpieza;Accesorios de Limpieza;Rejillas;Mortimer;Accesorio Limpieza Rejillas;1u;4615
Limpieza;Accesorios de Limpieza;Paños;Mortimer;Accesorio Limpieza Paños;1u;1297
Limpieza;Accesorios de Limpieza;Franelas;Mortimer;Accesorio Limpieza Franelas;1u;4146
Limpieza;Accesorios de Limpieza;Rodillo Quita Pelusas;Mortimer;Accesorio Limpieza Rodillo Quita Pelusas;1u;2932
Limpieza;Accesorios de Limpieza;Pasacera;Mortimer;Accesorio Limpieza Pasacera;1u;3234
Limpieza;Accesorios de Limpieza;Palillos;Mortimer;Accesorio Limpieza Palillos;1u;3691
Limpieza;Accesorios de Limpieza;Film Adherente;Mortimer;Accesorio Limpieza Film Adherente;1u;2051
Limpieza;Accesorios de Limpieza;Papel Aluminio;Mortimer;Accesorio Limpieza Papel Aluminio;1u;3390
Limpieza;Accesorios de Limpieza;Papel Manteca;Mortimer;Accesorio Limpieza Papel Manteca;1u;4761
Limpieza;Desodorantes de Ambiente;Antihumedad;Glade;Aerosol Desodorante y Aromatizante Lavanda;360ml;2340
Limpieza;Desodorantes de Ambiente;Aromatizantes de Ambiente;Glade;Aerosol Desodorante y Aromatizante Lavanda;360ml;1413
Limpieza;Desodorantes de Ambiente;Desinfectantes de Ambiente;Glade;Aerosol Desodorante y Aromatizante Lavanda;360ml;2148
Limpieza;Limpieza de Baño;Desodorantes de Inodoro;Harpic;Limpiador de Inodoro Ultra Gel Desinfectante;500ml;3126
Limpieza;Limpieza de Baño;Limpiadores de Baño;Harpic;Limpiador de Inodoro Ultra Gel Desinfectante;500ml;1571
Limpieza;Limpieza de Baño;Sopapas, Escobillas and Destapa Cañerias;Harpic;Limpiador de Inodoro Ultra Gel Desinfectante;500ml;4077
Limpieza;Limpieza de Cocina;Bolsas;Cif;Desengrasante de Cocina Gatillo Activo;500ml;2441
Limpieza;Limpieza de Cocina;Detergentes;Magistral;Detergente Lavavajillas Concentrado Limón;500ml;2324
Limpieza;Limpieza de Cocina;Productos para Lavavajillas;Cif;Desengrasante de Cocina Gatillo Activo;500ml;1272
Limpieza;Limpieza de Cocina;Fósforos;Cif;Desengrasante de Cocina Gatillo Activo;500ml;3825
Limpieza;Limpieza de Cocina;Limpiadores de Cocina;Cif;Desengrasante de Cocina Gatillo Activo;500ml;4075
Limpieza;Limpieza de Cocina;Rollos;Cif;Desengrasante de Cocina Gatillo Activo;500ml;1807
Limpieza;Limpieza de Cocina;Velas;Cif;Desengrasante de Cocina Gatillo Activo;500ml;2413
Limpieza;Limpieza de Pisos y Superficies;Ceras y Autobrillos;Poett;Limpiador Líquido para Pisos Aroma Primavera;1.8L;4784
Limpieza;Limpieza de Pisos y Superficies;Curador para Pisos;Poett;Limpiador Líquido para Pisos Aroma Primavera;1.8L;1100
Limpieza;Limpieza de Pisos y Superficies;Lustramuebles;Blem;Lustramuebles Aerosol Sabor Lavanda Brillo;360ml;3044
Limpieza;Limpieza de Pisos y Superficies;Limpiadores de Pisos y Superficies;Poett;Limpiador Líquido para Pisos Aroma Primavera;1.8L;1138
Limpieza;Limpieza de Pisos y Superficies;Limpia Metales;Poett;Limpiador Líquido para Pisos Aroma Primavera;1.8L;2429
Limpieza;Limpieza de Pisos y Superficies;Limpia Vidrios;Poett;Limpiador Líquido para Pisos Aroma Primavera;1.8L;1365
Limpieza;Limpieza de Pisos y Superficies;Superficies Electrónicas;Poett;Limpiador Líquido para Pisos Aroma Primavera;1.8L;1808
Limpieza;Limpieza de Pisos y Superficies;Limpiadores Desinfectantes;Poett;Limpiador Líquido para Pisos Aroma Primavera;1.8L;4557
Limpieza;Limpieza de Pisos y Superficies;Limpiadores Cremosos;Poett;Limpiador Líquido para Pisos Aroma Primavera;1.8L;2175
Limpieza;Limpieza de Pisos y Superficies;Reparador de Muebles;Poett;Limpiador Líquido para Pisos Aroma Primavera;1.8L;2443
Limpieza;Lavandinas;Lavandinas en Gel;Ayudín;Lavandina Común Concentrada Tradicional Botella;1L;3087
Limpieza;Lavandinas;Lavandinas Liquidas;Ayudín;Lavandina Común Concentrada Tradicional Botella;1L;3730
Perfumería;Cuidado del Cabello;Acondicionador;Pantene;Acondicionador Restauración Extrema Botella;400ml;4990
Perfumería;Cuidado del Cabello;Shampoo;Sedal;Shampoo Nutrición Profunda Brillo Sachet/Pote;400ml;3141
Perfumería;Cuidado del Cabello;Coloración;Elvive;Tratamiento para Cabello Coloración;300ml;7280
Perfumería;Cuidado del Cabello;Tratamientos;Elvive;Tratamiento para Cabello Tratamientos;300ml;5285
Perfumería;Cuidado del Cabello;Modeladores de Peinado;Elvive;Tratamiento para Cabello Modeladores de Peinado;300ml;3095
Perfumería;Cuidado del Cabello;Shampoo + Acondicionador;Sedal;Shampoo Nutrición Profunda Brillo Sachet/Pote;400ml;2448
Perfumería;Higiene Personal;Accesorios de Ducha;Dove;Jabón de Tocador en Barra Humectante Clásico;3u x 90g;3894
Perfumería;Higiene Personal;Jabones;Dove;Jabón de Tocador en Barra Humectante Clásico;3u x 90g;3256
Perfumería;Higiene Personal;Sales y Espumas de Baño;Dove;Jabón de Tocador en Barra Humectante Clásico;3u x 90g;2065
Perfumería;Desodorantes y Antitranspirantes;Antitranspirantes;Rexona;Antitranspirante Aerosol Invisible Dry Hombre;150ml;2004
Perfumería;Desodorantes y Antitranspirantes;Desodorantes;Rexona;Antitranspirante Aerosol Invisible Dry Hombre;150ml;2551
Perfumería;Pañales y Productos para Incontinencia;Pañales para Bebé;Pampers;Pañales Descartables Bebé Premium Care Talle G;40u;15258
Perfumería;Pañales y Productos para Incontinencia;Pañales para Adultos;Pampers;Pañales Descartables Bebé Premium Care Talle G;40u;23161
Perfumería;Pañales y Productos para Incontinencia;Productos para Incontinencia;Pampers;Pañales Descartables Bebé Premium Care Talle G;40u;7766
Perfumería;Cuidado Personal;Afeitado;Nivea;Producto Cuidado Personal Afeitado;150ml;2078
Perfumería;Cuidado Personal;Depilación;Nivea;Producto Cuidado Personal Depilación;150ml;2094
Perfumería;Cuidado Personal;Higiene y Cuidado de la Barba;Nivea;Producto Cuidado Personal Higiene y Cuidado de la Barba;150ml;3937
Perfumería;Cuidado Personal;Modeladores de Peinado;Nivea;Producto Cuidado Personal Modeladores de Peinado;150ml;2581
Perfumería;Cuidado Personal;Pre Afeitado;Nivea;Producto Cuidado Personal Pre Afeitado;150ml;2342
Perfumería;Cuidado Bucal;Accesorios de Prótesis y Ortodoncia;Oral-B;Cuidado Bucal Accesorios de Prótesis y Ortodoncia Cepillo/Hilo;1u;3212
Perfumería;Cuidado Bucal;Antiséptico Bucal;Oral-B;Cuidado Bucal Antiséptico Bucal Cepillo/Hilo;1u;2458
Perfumería;Cuidado Bucal;Cremas Dentales;Colgate;Crema Dental Protección Total con Flúor;90g;3073
Perfumería;Cuidado Bucal;Cepillos Dentales;Colgate;Crema Dental Protección Total con Flúor;90g;3162
Perfumería;Cuidado Bucal;Hilos Dentales;Colgate;Crema Dental Protección Total con Flúor;90g;3673
Perfumería;Cuidado Bucal;Kit Dental;Colgate;Crema Dental Protección Total con Flúor;90g;4049
Perfumería;Protección Femenina;Protectores Diarios;Always;Toallitas Femeninas Normales con Alas Ultrafinas;8u;2546
Perfumería;Protección Femenina;Tampones;Always;Toallitas Femeninas Normales con Alas Ultrafinas;8u;2858
Perfumería;Protección Femenina;Toallitas;Always;Toallitas Femeninas Normales con Alas Ultrafinas;8u;3897
Perfumería;Protección Femenina;Copa Menstrual;Always;Toallitas Femeninas Normales con Alas Ultrafinas;8u;1881
Perfumería;Cremas de Belleza;Cremas Corporales;Nivea;Crema Corporal Humectante Milk Nutritiva Pote;400ml;15502
Perfumería;Cremas de Belleza;Cremas de Manos y Pies;Nivea;Crema Corporal Humectante Milk Nutritiva Pote;400ml;26382
Perfumería;Cremas de Belleza;Cuidado Facial;Nivea;Crema Corporal Humectante Milk Nutritiva Pote;400ml;19825
Perfumería;Cuidado de la Piel;Locion;Dermaglós;Protector Solar Corporal FPS 50 Emulsión;250ml;11718
Perfumería;Cuidado de la Piel;Post Solar;Dermaglós;Protector Solar Corporal FPS 50 Emulsión;250ml;14166
Perfumería;Cuidado de la Piel;Protector Solar;Dermaglós;Protector Solar Corporal FPS 50 Emulsión;250ml;25136
Perfumería;Accesorios;Accesorios Femeninos;Nivea;Producto Cuidado Personal Accesorios Femeninos;150ml;4366
Perfumería;Accesorios;Accesorios para Uñas y Pies;Nivea;Producto Cuidado Personal Accesorios para Uñas y Pies;150ml;2640
Perfumería;Accesorios;Elementos para el Cabello;Nivea;Producto Cuidado Personal Elementos para el Cabello;150ml;1540
Perfumería;Cuidado del Bebé y la Mamá;Cuidado Infantil;Johnson's;Aceite Puro para Bebé Humectación Suave;200ml;2054
Perfumería;Cuidado del Bebé y la Mamá;Momentos del Bebé;Johnson's;Aceite Puro para Bebé Humectación Suave;200ml;2196
Perfumería;Cuidado del Bebé y la Mamá;Puerperio;Johnson's;Aceite Puro para Bebé Humectación Suave;200ml;2611
Perfumería;Farmacia;Profilaxis;Curitas;Producto de Botiquín Profilaxis;10u;2875
Perfumería;Farmacia;Geles Intimos;Curitas;Producto de Botiquín Geles Intimos;10u;2439
Perfumería;Farmacia;Repelente;Off!;Repelente de Insectos Aerosol Súper Extra Duración;170cc;3101
Perfumería;Farmacia;Apositos;Curitas;Producto de Botiquín Apositos;10u;2385
Perfumería;Farmacia;Hisopos;Curitas;Producto de Botiquín Hisopos;10u;4598
Perfumería;Farmacia;Antiséptico;Curitas;Producto de Botiquín Antiséptico;10u;3944
Perfumería;Farmacia;Algodón;Estrella;Algodón Hidrófilo Súper Absorbente Bolsa;100g;3897
Perfumería;Farmacia;Protectores Labiales;Curitas;Producto de Botiquín Protectores Labiales;10u;4659
Perfumería;Farmacia;Piojicida;Curitas;Producto de Botiquín Piojicida;10u;2098
Perfumería;Farmacia;Quitaesmaltes;Curitas;Producto de Botiquín Quitaesmaltes;10u;3056
Perfumería;Farmacia;Desodorantes Pédicos;Curitas;Producto de Botiquín Desodorantes Pédicos;10u;3796
Perfumería;Farmacia;Talco Corporal;Curitas;Producto de Botiquín Talco Corporal;10u;4471
Perfumería;Farmacia;Máscaras de Protección;Curitas;Producto de Botiquín Máscaras de Protección;10u;3486
Perfumería;Colonias y Perfumes;Colonias Femeninas;Nivea;Producto Cuidado Personal Colonias Femeninas;150ml;2992
Perfumería;Colonias y Perfumes;Colonias Masculinas;Nivea;Producto Cuidado Personal Colonias Masculinas;150ml;3258
Perfumería;Cosméticos;Accesorios Femeninos;Nivea;Producto Cuidado Personal Accesorios Femeninos;150ml;7439
Perfumería;Cosméticos;Desmaquilladores;Nivea;Producto Cuidado Personal Desmaquilladores;150ml;16082
Perfumería;Cosméticos;Mascaras para Pestañas;Nivea;Producto Cuidado Personal Mascaras para Pestañas;150ml;10071
Perfumería;Cosméticos;Tónico Facial;Nivea;Producto Cuidado Personal Tónico Facial;150ml;10697
Perfumería;Cosméticos;Protector Labial;Nivea;Producto Cuidado Personal Protector Labial;150ml;8853
Electro;Tv;Accesorios Tv;Philips;Smart TV LED 43 Pulgadas Full HD Android;1u;1304738
Electro;Tv;Antenas;Philips;Smart TV LED 43 Pulgadas Full HD Android;1u;1460839
Electro;Tv;Tv;Philips;Smart TV LED 43 Pulgadas Full HD Android;1u;1059069
Electro;Informatica;Notebooks;Lenovo;Notebook Intel Core i5 RAM 8GB SSD;1u;1635791
Electro;Informatica;Tablet;Lenovo;Notebook Intel Core i5 RAM 8GB SSD;1u;47893
Electro;Informatica;Impresoras;Lenovo;Notebook Intel Core i5 RAM 8GB SSD;1u;108183
Electro;Informatica;Fotografía;Lenovo;Notebook Intel Core i5 RAM 8GB SSD;1u;108473
Electro;Informatica;Almacenamiento;Lenovo;Notebook Intel Core i5 RAM 8GB SSD;1u;75757
Electro;Informatica;Smartwatch;Lenovo;Notebook Intel Core i5 RAM 8GB SSD;1u;66519
Electro;Informatica;Accesorios y Cables;Lenovo;Notebook Intel Core i5 RAM 8GB SSD;1u;32613
Electro;Informatica;Auriculares Pc;Lenovo;Notebook Intel Core i5 RAM 8GB SSD;1u;41026
Electro;Informatica;Parlantes Pc;Lenovo;Notebook Intel Core i5 RAM 8GB SSD;1u;98745
Electro;Informatica;Computadoras;Lenovo;Notebook Intel Core i5 RAM 8GB SSD;1u;29511
Electro;Informatica;Teclados;Logitech;Mouse Óptico Inalámbrico Clásico;1u;67240
Electro;Informatica;Mouse;Logitech;Mouse Óptico Inalámbrico Clásico;1u;108628
Electro;Informatica;Monitores;Lenovo;Notebook Intel Core i5 RAM 8GB SSD;1u;89191
Electro;Informatica;Router;Lenovo;Notebook Intel Core i5 RAM 8GB SSD;1u;26646
Electro;Informatica;Cámaras Ip;Lenovo;Notebook Intel Core i5 RAM 8GB SSD;1u;84877
Electro;Informatica;Webcam;Lenovo;Notebook Intel Core i5 RAM 8GB SSD;1u;56621
Electro;Informatica;Kit de Vigilancia;Lenovo;Notebook Intel Core i5 RAM 8GB SSD;1u;104984
Electro;Informatica;Power Bank;Lenovo;Notebook Intel Core i5 RAM 8GB SSD;1u;93452
Electro;Informatica;Proyectores;Lenovo;Notebook Intel Core i5 RAM 8GB SSD;1u;48308
Electro;Informatica;Microfono;Lenovo;Notebook Intel Core i5 RAM 8GB SSD;1u;99013
Electro;Informatica;Drone;Lenovo;Notebook Intel Core i5 RAM 8GB SSD;1u;86387
Electro;Informatica;Contador de Billetes;Lenovo;Notebook Intel Core i5 RAM 8GB SSD;1u;38936
Electro;Informatica;Combo Mouse y Teclado;Logitech;Mouse Óptico Inalámbrico Clásico;1u;74358
Electro;Celulares y Telefonia;Celulares;Motorola;Celular Android Liberado Moto G Dual Sim;1u;630585
Electro;Celulares y Telefonia;Telefonos Fijos;Motorola;Celular Android Liberado Moto G Dual Sim;1u;38577
Electro;Audio;Auriculares;JBL;Parlante Portátil Bluetooth Resistente al Agua;1u;70080
Electro;Audio;Parlantes;JBL;Parlante Portátil Bluetooth Resistente al Agua;1u;81061
Electro;Audio;Audio para Autos;JBL;Parlante Portátil Bluetooth Resistente al Agua;1u;67444
Electro;Audio;Radios;JBL;Parlante Portátil Bluetooth Resistente al Agua;1u;68308
Electro;Audio;Radioreloj;JBL;Parlante Portátil Bluetooth Resistente al Agua;1u;21445
Electro;Audio;Radiograbadores;JBL;Parlante Portátil Bluetooth Resistente al Agua;1u;49976
Electro;Heladeras y Freezer;Cavas;Gafa;Heladera Cíclica de Frío Directo con Freezer;1u;1224774
Electro;Heladeras y Freezer;Freezer;Gafa;Heladera Cíclica de Frío Directo con Freezer;1u;144546
Electro;Heladeras y Freezer;Heladeras;Gafa;Heladera Cíclica de Frío Directo con Freezer;1u;487835
Electro;Heladeras y Freezer;Fabrica de Hielo;Gafa;Heladera Cíclica de Frío Directo con Freezer;1u;249720
Electro;Lavado;Lavarropas;Drean;Lavarropas Automático de Carga Frontal Next;1u;280769
Electro;Lavado;Lavavajillas;Drean;Lavarropas Automático de Carga Frontal Next;1u;228889
Electro;Lavado;Lavasecarropas;Drean;Lavarropas Automático de Carga Frontal Next;1u;785520
Electro;Lavado;Secarropas;Drean;Lavarropas Automático de Carga Frontal Next;1u;159045
Electro;Climatización;Aires Acondicionados;Liliana;Ventilador de Pie de 20 Pulgadas Silencioso;1u;194464
Electro;Climatización;Calefacción;Liliana;Ventilador de Pie de 20 Pulgadas Silencioso;1u;1286296
Electro;Climatización;Ventiladores;Liliana;Ventilador de Pie de 20 Pulgadas Silencioso;1u;965637
Electro;Calefones y Termotanques;Calefones;Rheem;Termotanque Eléctrico de Pie Súper Rápido 80L;1u;299357
Electro;Calefones y Termotanques;Termotanques;Rheem;Termotanque Eléctrico de Pie Súper Rápido 80L;1u;468718
Electro;Coccion;Anafes;Atma;Horno Eléctrico de Mesa con Convección 40L;1u;141117
Electro;Coccion;Cocinas;Atma;Horno Eléctrico de Mesa con Convección 40L;1u;833423
Electro;Coccion;Microondas;Atma;Horno Eléctrico de Mesa con Convección 40L;1u;167655
Electro;Coccion;Hornos Electricos;Atma;Horno Eléctrico de Mesa con Convección 40L;1u;974920
Electro;Coccion;Purificadores;Atma;Horno Eléctrico de Mesa con Convección 40L;1u;211955
Electro;Coccion;Sartenes Eléctricas;Atma;Horno Eléctrico de Mesa con Convección 40L;1u;263278
Electro;Coccion;Freidoras;Atma;Horno Eléctrico de Mesa con Convección 40L;1u;193778
Electro;Coccion;Maquinas de Pan;Atma;Horno Eléctrico de Mesa con Convección 40L;1u;212975
Electro;Coccion;Parrillas Eléctricas;Atma;Horno Eléctrico de Mesa con Convección 40L;1u;125245
Electro;Coccion;Ollas Electricas;Atma;Horno Eléctrico de Mesa con Convección 40L;1u;632336
Electro;Coccion;Vaporeras;Atma;Horno Eléctrico de Mesa con Convección 40L;1u;1279108
Electro;Coccion;Pochoclera;Atma;Horno Eléctrico de Mesa con Convección 40L;1u;392980
Electro;Coccion;Hornos Empotrables;Atma;Horno Eléctrico de Mesa con Convección 40L;1u;319105
Electro;Coccion;Hervidor;Atma;Horno Eléctrico de Mesa con Convección 40L;1u;193756
Electro;Ayudantes de Cocina;Batidoras;Liliana;Batidora de Mano con Accesorios Plásticos;1u;51011
Electro;Ayudantes de Cocina;Balanzas de Cocina;Liliana;Batidora de Mano con Accesorios Plásticos;1u;77693
Electro;Ayudantes de Cocina;Procesadoras;Liliana;Batidora de Mano con Accesorios Plásticos;1u;61055
Electro;Ayudantes de Cocina;Mixer;Liliana;Batidora de Mano con Accesorios Plásticos;1u;27386
Electro;Ayudantes de Cocina;Fabrica de Pastas;Liliana;Batidora de Mano con Accesorios Plásticos;1u;76849
Electro;Ayudantes de Cocina;Arroceras;Liliana;Batidora de Mano con Accesorios Plásticos;1u;54530
Electro;Ayudantes de Cocina;Picadoras;Liliana;Batidora de Mano con Accesorios Plásticos;1u;16022
Electro;Ayudantes de Cocina;Cortadoras de Fiambre;Liliana;Batidora de Mano con Accesorios Plásticos;1u;104836
Electro;Ayudantes de Cocina;Cuchillos Electricos;Liliana;Batidora de Mano con Accesorios Plásticos;1u;26543
Electro;Ayudantes de Cocina;Afilador;Liliana;Batidora de Mano con Accesorios Plásticos;1u;65476
Electro;Ayudantes de Cocina;Espumador;Liliana;Batidora de Mano con Accesorios Plásticos;1u;106640
Electro;Ayudantes de Cocina;Fabrica de Helados;Liliana;Batidora de Mano con Accesorios Plásticos;1u;13524
Electro;Ayudantes de Cocina;Descorchador Electrico;Liliana;Batidora de Mano con Accesorios Plásticos;1u;17477
Electro;Desayuno;Cafeteras;Atma;Pava Eléctrica de Acero Inoxidable Termostato;1u;70532
Electro;Desayuno;Exprimidores y Jugueras;Atma;Pava Eléctrica de Acero Inoxidable Termostato;1u;35043
Electro;Desayuno;Pavas Electricas;Atma;Pava Eléctrica de Acero Inoxidable Termostato;1u;91302
Electro;Desayuno;Licuadoras;Atma;Pava Eléctrica de Acero Inoxidable Termostato;1u;48673
Electro;Desayuno;Tostadoras;Atma;Pava Eléctrica de Acero Inoxidable Termostato;1u;37128
Electro;Desayuno;Sandwicheras y Wafleras;Atma;Pava Eléctrica de Acero Inoxidable Termostato;1u;27593
Electro;Desayuno;Yogurteras;Atma;Pava Eléctrica de Acero Inoxidable Termostato;1u;63220
Electro;Desayuno;Termo Eléctrico;Atma;Pava Eléctrica de Acero Inoxidable Termostato;1u;86590
Electro;Desayuno;Maquinas de Soda;Atma;Pava Eléctrica de Acero Inoxidable Termostato;1u;65837
Electro;Desayuno;Panquequera;Atma;Pava Eléctrica de Acero Inoxidable Termostato;1u;100811
Electro;Hogar;Aspiradoras;Liliana;Aspiradora de Polvo de Alta Potencia Bolsa;1u;40391
Electro;Hogar;Planchas;Liliana;Aspiradora de Polvo de Alta Potencia Bolsa;1u;57205
Electro;Hogar;Maquinas de Coser;Liliana;Aspiradora de Polvo de Alta Potencia Bolsa;1u;92490
Electro;Hogar;Toalleras Eléctricos;Liliana;Aspiradora de Polvo de Alta Potencia Bolsa;1u;103486
Electro;Hogar;Balanzas de Equipaje;Liliana;Aspiradora de Polvo de Alta Potencia Bolsa;1u;33848
Electro;Hogar;Lustraspiradoras;Liliana;Aspiradora de Polvo de Alta Potencia Bolsa;1u;107355
Electro;Hogar;Portero Eléctrico;Liliana;Aspiradora de Polvo de Alta Potencia Bolsa;1u;41936
Electro;Hogar;Tender Eléctrico;Liliana;Aspiradora de Polvo de Alta Potencia Bolsa;1u;43764
Electro;Hogar;Limpiadores de Vapor;Liliana;Aspiradora de Polvo de Alta Potencia Bolsa;1u;20862
Electro;Hogar;Sacapelusa;Liliana;Aspiradora de Polvo de Alta Potencia Bolsa;1u;36396
Electro;Hogar;Contador de Billetes;Liliana;Aspiradora de Polvo de Alta Potencia Bolsa;1u;33500
Electro;Hogar;Cerradura Electrica;Liliana;Aspiradora de Polvo de Alta Potencia Bolsa;1u;101849
Electro;Hogar;Purificadores de Agua;Liliana;Aspiradora de Polvo de Alta Potencia Bolsa;1u;16455
Electro;Hogar;Limpia Vidrios;Liliana;Aspiradora de Polvo de Alta Potencia Bolsa;1u;105785
Electro;Salud;Balanzas de Baño;Aspen;Tensiómetro de Brazo Digital Automático;1u;97478
Electro;Salud;Nebulizadores;Aspen;Tensiómetro de Brazo Digital Automático;1u;24251
Electro;Salud;Tensiometros;Aspen;Tensiómetro de Brazo Digital Automático;1u;64914
Electro;Salud;Termómetros;Aspen;Tensiómetro de Brazo Digital Automático;1u;45907
Electro;Salud;Almohadillas y Mantas Térmicas;Aspen;Tensiómetro de Brazo Digital Automático;1u;65753
Electro;Salud;Masajeadores;Aspen;Tensiómetro de Brazo Digital Automático;1u;103542
Electro;Salud;Humidificadores;Aspen;Tensiómetro de Brazo Digital Automático;1u;82215
Electro;Salud;Oximetros;Aspen;Tensiómetro de Brazo Digital Automático;1u;70316
Electro;Cuidado Personal;Afeitado;Philips;Dispositivo Eléctrico Afeitado;1u;80220
Electro;Cuidado Personal;Cortapelo;Philips;Dispositivo Eléctrico Cortapelo;1u;34955
Electro;Cuidado Personal;Cortabarba;Philips;Dispositivo Eléctrico Cortabarba;1u;102568
Electro;Cuidado Personal;Planchas de Cabello;Liliana;Aspiradora de Polvo de Alta Potencia Bolsa;1u;87133
Electro;Cuidado Personal;Depiladoras;Philips;Dispositivo Eléctrico Depiladoras;1u;15553
Electro;Cuidado Personal;Secadores de Cabello;Philips;Dispositivo Eléctrico Secadores de Cabello;1u;44256
Electro;Cuidado Personal;Rizadores y Cepillo Alisador;Philips;Dispositivo Eléctrico Rizadores y Cepillo Alisador;1u;79629
Electro;Cuidado Personal;Set de Pedicura;Philips;Dispositivo Eléctrico Set de Pedicura;1u;58407
Textil;Ambiente;Almohadones;Coto;Almohadón Decorativo de Almohadones;1u;6441
Textil;Ambiente;Cortina de Ambiente;Coto;Almohadón Decorativo de Cortina de Ambiente;1u;12692
Textil;Ambiente;Alfombras;Coto;Almohadón Decorativo de Alfombras;1u;11061
Textil;Ambiente;Felpudos;Coto;Almohadón Decorativo de Felpudos;1u;16461
Textil;Ambiente;Fundas para Almohadones;Coto;Almohadón Decorativo de Fundas para Almohadones;1u;5420
Textil;Ambiente;Almohadones de Silla;Coto;Almohadón Decorativo de Almohadones de Silla;1u;13750
Textil;Ambiente;Relleno de Almohadon;Coto;Almohadón Decorativo de Relleno de Almohadon;1u;14158
Textil;Baño;Toallas y Toallones;Arco Iris;Toallón de Baño de Algodón Súper Absorbente;1u;6730
Textil;Baño;Alfombras de Baño;Arco Iris;Toallón de Baño de Algodón Súper Absorbente;1u;15850
Textil;Baño;Antideslizantes;Arco Iris;Toallón de Baño de Algodón Súper Absorbente;1u;9859
Textil;Baño;Cortinas y Protectores;Arco Iris;Toallón de Baño de Algodón Súper Absorbente;1u;16048
Textil;Baño;Barrales y Accesorios;Arco Iris;Toallón de Baño de Algodón Súper Absorbente;1u;15176
Textil;Baño;Batas;Arco Iris;Toallón de Baño de Algodón Súper Absorbente;1u;19767
Textil;Cocina y Mesa;Repasadores;Coto;Repasador de Cocina de Algodón Estampado Repasadores;1u;12399
Textil;Cocina y Mesa;Manteles;Coto;Repasador de Cocina de Algodón Estampado Manteles;1u;17125
Textil;Cocina y Mesa;Individuales;Coto;Repasador de Cocina de Algodón Estampado Individuales;1u;5495
Textil;Cocina y Mesa;Agarraderas y Manoplas;Coto;Repasador de Cocina de Algodón Estampado Agarraderas y Manoplas;1u;8341
Textil;Cocina y Mesa;Delantales;Coto;Repasador de Cocina de Algodón Estampado Delantales;1u;9937
Textil;Cocina y Mesa;Paneras;Coto;Repasador de Cocina de Algodón Estampado Paneras;1u;16874
Textil;Cocina y Mesa;Servilletas;Coto;Repasador de Cocina de Algodón Estampado Servilletas;1u;7532
Textil;Dormitorio;Almohada;Piero;Colchón de Resortes de 2 Plazas Ortopédico;1u;14759
Textil;Dormitorio;Colchones;Piero;Colchón de Resortes de 2 Plazas Ortopédico;1u;374135
Textil;Ropa de Cama;Acolchados;Jean Cartier;Juego de Sábanas de 2 Plazas Algodón;1u;54361
Textil;Ropa de Cama;Cubrecama;Jean Cartier;Juego de Sábanas de 2 Plazas Algodón;1u;17870
Textil;Ropa de Cama;Sábanas;Jean Cartier;Juego de Sábanas de 2 Plazas Algodón;1u;58819
Textil;Ropa de Cama;Fundas para Almohadas;Jean Cartier;Juego de Sábanas de 2 Plazas Algodón;1u;22819
Textil;Ropa de Cama;Frazadas y Mantas;Jean Cartier;Juego de Sábanas de 2 Plazas Algodón;1u;24534
Textil;Indumentaria de Mujer;Remeras;Coto;Prenda de Mujer de Algodón Remeras;1u;16375
Textil;Indumentaria de Mujer;Sweaters;Coto;Prenda de Mujer de Algodón Sweaters;1u;17899
Textil;Indumentaria de Mujer;Pantalones;Coto;Prenda de Mujer de Algodón Pantalones;1u;9207
Textil;Indumentaria de Mujer;Camperas;Coto;Prenda de Mujer de Algodón Camperas;1u;38364
Textil;Indumentaria de Mujer;Musculosas;Coto;Prenda de Mujer de Algodón Musculosas;1u;22746
Textil;Indumentaria de Mujer;Polleras;Coto;Prenda de Mujer de Algodón Polleras;1u;17297
Textil;Indumentaria de Mujer;Chalecos;Coto;Prenda de Mujer de Algodón Chalecos;1u;24269
Textil;Indumentaria de Mujer;Buzos;Coto;Prenda de Mujer de Algodón Buzos;1u;13231
Textil;Indumentaria de Mujer;Poleras;Coto;Prenda de Mujer de Algodón Poleras;1u;7635
Textil;Indumentaria de Mujer;Ropa Interior;Coto;Prenda de Mujer de Algodón Ropa Interior;1u;17728
Textil;Indumentaria de Mujer;Calzas;Coto;Prenda de Mujer de Algodón Calzas;1u;14303
Textil;Indumentaria de Mujer;Ropa Deportiva;Coto;Prenda de Mujer de Algodón Ropa Deportiva;1u;16175
Textil;Indumentaria de Mujer;Camisas;Coto;Prenda de Mujer de Algodón Camisas;1u;22202
Textil;Indumentaria de Mujer;Cardigan;Coto;Prenda de Mujer de Algodón Cardigan;1u;17143
Textil;Indumentaria de Mujer;Conjuntos;Coto;Prenda de Mujer de Algodón Conjuntos;1u;19923
Textil;Indumentaria de Mujer;Parca;Coto;Prenda de Mujer de Algodón Parca;1u;18043
Textil;Indumentaria de Mujer;Tapados;Coto;Prenda de Mujer de Algodón Tapados;1u;17162
Textil;Indumentaria de Mujer;Tops;Coto;Prenda de Mujer de Algodón Tops;1u;27111
Textil;Indumentaria de Mujer;Batas y Pijamas;Coto;Prenda de Mujer de Algodón Batas y Pijamas;1u;9792
Textil;Indumentaria de Mujer;Bermudas;Coto;Prenda de Mujer de Algodón Bermudas;1u;11476
Textil;Indumentaria de Mujer;Abrigo;Coto;Prenda de Mujer de Algodón Abrigo;1u;65932
Textil;Indumentaria Bebés;Camperas;Coto;Prenda Textil para Bebé Camperas;1u;81904
Textil;Indumentaria Bebés;Pijamas;Coto;Prenda Textil para Bebé Pijamas;1u;26375
Textil;Indumentaria Bebés;Bodies;Coto;Prenda Textil para Bebé Bodies;1u;21480
Textil;Indumentaria Bebés;Calzas;Coto;Prenda Textil para Bebé Calzas;1u;27073
Textil;Indumentaria Bebés;Remeras;Coto;Prenda Textil para Bebé Remeras;1u;10282
Textil;Indumentaria Bebés;Buzos;Coto;Prenda Textil para Bebé Buzos;1u;7751
Textil;Indumentaria Bebés;Ranitas;Coto;Prenda Textil para Bebé Ranitas;1u;9991
Textil;Indumentaria Bebés;Enteritos;Coto;Prenda Textil para Bebé Enteritos;1u;27782
Textil;Indumentaria Bebés;Pantalones;Coto;Prenda Textil para Bebé Pantalones;1u;11211
Textil;Indumentaria Bebés;Suéteres;Coto;Prenda Textil para Bebé Suéteres;1u;17492
Textil;Indumentaria Bebés;Chalecos;Coto;Prenda Textil para Bebé Chalecos;1u;8080
Textil;Indumentaria de Hombre;Remeras;Coto;Prenda de Hombre de Algodón Remeras;1u;9002
Textil;Indumentaria de Hombre;Sweaters;Coto;Prenda de Hombre de Algodón Sweaters;1u;16419
Textil;Indumentaria de Hombre;Pantalones;Coto;Prenda de Hombre de Algodón Pantalones;1u;22482
Textil;Indumentaria de Hombre;Camperas y Chalecos;Coto;Prenda de Hombre de Algodón Camperas y Chalecos;1u;64145
Textil;Indumentaria de Hombre;Buzos y Canguros;Coto;Prenda de Hombre de Algodón Buzos y Canguros;1u;21081
Textil;Indumentaria de Hombre;Ropa Deportiva;Coto;Prenda de Hombre de Algodón Ropa Deportiva;1u;19019
Textil;Indumentaria de Hombre;Camisas;Coto;Prenda de Hombre de Algodón Camisas;1u;9243
Textil;Indumentaria de Hombre;Camisetas;Coto;Prenda de Hombre de Algodón Camisetas;1u;20256
Textil;Indumentaria de Hombre;Chombas;Coto;Prenda de Hombre de Algodón Chombas;1u;8185
Textil;Indumentaria de Hombre;Jeans;Coto;Prenda de Hombre de Algodón Jeans;1u;22655
Textil;Indumentaria de Hombre;Poleras;Coto;Prenda de Hombre de Algodón Poleras;1u;21730
Textil;Indumentaria de Hombre;Ropa de Dormir;Coto;Prenda de Hombre de Algodón Ropa de Dormir;1u;14249
Textil;Indumentaria de Hombre;Ropa Interior;Coto;Prenda de Hombre de Algodón Ropa Interior;1u;20923
Textil;Indumentaria de Hombre;Jogger;Coto;Prenda de Hombre de Algodón Jogger;1u;27385
Textil;Indumentaria Niños;Camperas;Coto;Ropa Infantil de Algodón para Niños Camperas;1u;44800
Textil;Indumentaria Niños;Pijamas;Coto;Ropa Infantil de Algodón para Niños Pijamas;1u;12575
Textil;Indumentaria Niños;Pantalones;Coto;Ropa Infantil de Algodón para Niños Pantalones;1u;21362
Textil;Indumentaria Niños;Remeras;Coto;Ropa Infantil de Algodón para Niños Remeras;1u;21776
Textil;Indumentaria Niños;Chalecos;Coto;Ropa Infantil de Algodón para Niños Chalecos;1u;22290
Textil;Indumentaria Niños;Buzos;Coto;Ropa Infantil de Algodón para Niños Buzos;1u;13568
Textil;Indumentaria Niños;Calzas;Coto;Ropa Infantil de Algodón para Niños Calzas;1u;14828
Textil;Indumentaria Niños;Musculosas;Coto;Ropa Infantil de Algodón para Niños Musculosas;1u;25630
Textil;Indumentaria Niños;Ropa Interior;Coto;Ropa Infantil de Algodón para Niños Ropa Interior;1u;15736
Textil;Indumentaria Niños;Sweater;Coto;Ropa Infantil de Algodón para Niños Sweater;1u;16352
Textil;Indumentaria Niños;Polleras;Coto;Ropa Infantil de Algodón para Niños Polleras;1u;20400
Textil;Indumentaria Niños;Tops;Coto;Ropa Infantil de Algodón para Niños Tops;1u;25110
Textil;Indumentaria Niños;Remeras para Agua;Coto;Ropa Infantil de Algodón para Niños Remeras para Agua;1u;10326
Textil;Indumentaria Niños;Batas;Coto;Ropa Infantil de Algodón para Niños Batas;1u;15838
Textil;Indumentaria Niños;Pilotos;Coto;Ropa Infantil de Algodón para Niños Pilotos;1u;14929
Textil;Calzado;Pantuflas;Topper;Zapatillas Deportivas Clásicas de Cuero Lona;1 Par;18867
Textil;Calzado;Zapatillas;Topper;Zapatillas Deportivas Clásicas de Cuero Lona;1 Par;42303
Textil;Calzado;Zapatos;Topper;Zapatillas Deportivas Clásicas de Cuero Lona;1 Par;18708
Textil;Calzado;Botas;Topper;Zapatillas Deportivas Clásicas de Cuero Lona;1 Par;37145
Textil;Calzado;Medias;Topper;Zapatillas Deportivas Clásicas de Cuero Lona;1 Par;71797
Textil;Calzado;Borcegos;Topper;Zapatillas Deportivas Clásicas de Cuero Lona;1 Par;57971
Textil;Calzado;Mocasin;Topper;Zapatillas Deportivas Clásicas de Cuero Lona;1 Par;60980
Textil;Calzado;Cordones;Topper;Zapatillas Deportivas Clásicas de Cuero Lona;1 Par;31288
Textil;Mundo Kids;Baño;Avent;Accesorio para Bebé Infantil Baño;1u;5670
Textil;Mundo Kids;Sillas de Comer;Avent;Accesorio para Bebé Infantil Sillas de Comer;1u;16052
Textil;Mundo Kids;Cochecitos;Avent;Accesorio para Bebé Infantil Cochecitos;1u;13539
Textil;Mundo Kids;Butacas y Buster;Avent;Accesorio para Bebé Infantil Butacas y Buster;1u;8990
Textil;Accesorios para Bebé;Mantas;Avent;Accesorio para Bebé Infantil Mantas;1u;6465
Textil;Accesorios para Bebé;Mamaderas;Avent;Accesorio para Bebé Infantil Mamaderas;1u;20459
Textil;Accesorios para Bebé;Chupetes;Avent;Accesorio para Bebé Infantil Chupetes;1u;8630
Textil;Accesorios para Bebé;Platos y Cubiertos;Avent;Accesorio para Bebé Infantil Platos y Cubiertos;1u;13630
Textil;Accesorios para Bebé;Vasos;Avent;Accesorio para Bebé Infantil Vasos;1u;6518
Textil;Accesorios para Bebé;Bañeras;Avent;Accesorio para Bebé Infantil Bañeras;1u;6941
Textil;Accesorios para Bebé;Cambiadores;Avent;Accesorio para Bebé Infantil Cambiadores;1u;21361
Textil;Accesorios para Bebé;Cunas;Avent;Accesorio para Bebé Infantil Cunas;1u;11689
Textil;Accesorios para Bebé;Higiene;Avent;Accesorio para Bebé Infantil Higiene;1u;13256
Textil;Accesorios para Bebé;Mordillos;Avent;Accesorio para Bebé Infantil Mordillos;1u;8973
Textil;Accesorios para Bebé;Sonajeros;Avent;Accesorio para Bebé Infantil Sonajeros;1u;19077
Textil;Accesorios para Bebé;Tetinas;Avent;Accesorio para Bebé Infantil Tetinas;1u;15236
Textil;Accesorios para Bebé;Toallitas y Babitas;Avent;Accesorio para Bebé Infantil Toallitas y Babitas;1u;6046
Textil;Accesorios para Bebé;Sacaleche;Avent;Accesorio para Bebé Infantil Sacaleche;1u;8459
Textil;Accesorios para Bebé;Sillas de Bebe;Avent;Accesorio para Bebé Infantil Sillas de Bebe;1u;19661
Textil;Colegial;Mochilas Colegial;Avent;Accesorio para Bebé Infantil Mochilas Colegial;1u;18872
Textil;Colegial;Medias Colegial;Avent;Accesorio para Bebé Infantil Medias Colegial;1u;21329
Textil;Colegial;Lunchera;Avent;Accesorio para Bebé Infantil Lunchera;1u;14568
Textil;Colegial;Calzado;Avent;Accesorio para Bebé Infantil Calzado;1u;16712
Textil;Colegial;Chalecos;Avent;Accesorio para Bebé Infantil Chalecos;1u;19176
Textil;Marroquineria;Cinturones;Coto;Prenda Textil Confeccionada Cinturones;1u;13843
Textil;Marroquineria;Carteras y Accesorios;Coto;Prenda Textil Confeccionada Carteras y Accesorios;1u;12185
Textil;Marroquineria;Mochilas;Coto;Prenda Textil Confeccionada Mochilas;1u;7605
Textil;Marroquineria;Accesorios de Invierno;Coto;Prenda Textil Confeccionada Accesorios de Invierno;1u;11520
Textil;Marroquineria;Paraguas;Coto;Prenda Textil Confeccionada Paraguas;1u;13340
Textil;Marroquineria;Picnic Mat;Coto;Prenda Textil Confeccionada Picnic Mat;1u;6822
Textil;Marroquineria;Accesorios de Verano;Coto;Prenda Textil Confeccionada Accesorios de Verano;1u;11836
Textil;Marroquineria;Almohadilla;Coto;Prenda Textil Confeccionada Almohadilla;1u;11610
Textil;Marroquineria;Bolsos;Coto;Prenda Textil Confeccionada Bolsos;1u;9281
Textil;Viajes;Valijas;Coto;Prenda Textil Confeccionada Valijas;1u;142576
Textil;Viajes;Almohadilla;Coto;Prenda Textil Confeccionada Almohadilla;1u;123324
Hogar;Decoración;Adornos;Coto;Adorno Decorativo de Adornos;1u;20810
Hogar;Decoración;Aromas;Coto;Adorno Decorativo de Aromas;1u;7131
Hogar;Decoración;Bandejas;Coto;Adorno Decorativo de Bandejas;1u;9962
Hogar;Decoración;Cuadros y Carteles Decorativos;Coto;Adorno Decorativo de Cuadros y Carteles Decorativos;1u;4538
Hogar;Decoración;Cajas Decorativas;Coto;Adorno Decorativo de Cajas Decorativas;1u;3819
Hogar;Decoración;Baules;Coto;Adorno Decorativo de Baules;1u;7758
Hogar;Decoración;Canastas;Coto;Adorno Decorativo de Canastas;1u;11418
Hogar;Decoración;Esencias;Coto;Adorno Decorativo de Esencias;1u;4263
Hogar;Decoración;Espejos;Coto;Adorno Decorativo de Espejos;1u;10028
Hogar;Decoración;Faroles;Coto;Adorno Decorativo de Faroles;1u;14203
Hogar;Decoración;Flores y Plantas;Coto;Adorno Decorativo de Flores y Plantas;1u;22000
Hogar;Decoración;Inciensos;Coto;Adorno Decorativo de Inciensos;1u;8136
Hogar;Decoración;Jarrones y Floreros;Coto;Adorno Decorativo de Jarrones y Floreros;1u;2669
Hogar;Decoración;Luces;Coto;Adorno Decorativo de Luces;1u;10110
Hogar;Decoración;Organización;Coto;Adorno Decorativo de Organización;1u;17821
Hogar;Decoración;Percheros;Coto;Adorno Decorativo de Percheros;1u;17854
Hogar;Decoración;Portaretratos;Coto;Adorno Decorativo de Portaretratos;1u;17288
Hogar;Decoración;Portavelas;Coto;Adorno Decorativo de Portavelas;1u;2176
Hogar;Decoración;Puff;Coto;Adorno Decorativo de Puff;1u;5433
Hogar;Decoración;Relojes;Coto;Adorno Decorativo de Relojes;1u;5639
Hogar;Decoración;Varios;Coto;Adorno Decorativo de Varios;1u;15602
Hogar;Decoración;Platos de Sitio;Coto;Adorno Decorativo de Platos de Sitio;1u;18487
Hogar;Decoración;Candelabros;Coto;Adorno Decorativo de Candelabros;1u;17141
Hogar;Decoración;Cotillon;Coto;Adorno Decorativo de Cotillon;1u;9646
Hogar;Libreria;Accesorios de Oficina;Rivadavia;Cuadernos Universitarios Espiralados Cuadriculados;1u;4778
Hogar;Libreria;Cuadernos, Carpetas y Repuestos;Rivadavia;Cuadernos Universitarios Espiralados Cuadriculados;1u;7692
Hogar;Libreria;Escritura;Rivadavia;Cuadernos Universitarios Espiralados Cuadriculados;1u;11716
Hogar;Libreria;Manualidades y Artistica;Rivadavia;Cuadernos Universitarios Espiralados Cuadriculados;1u;13417
Hogar;Libreria;Separadores y Folios;Rivadavia;Cuadernos Universitarios Espiralados Cuadriculados;1u;21589
Hogar;Libreria;Figuritas;Rivadavia;Cuadernos Universitarios Espiralados Cuadriculados;1u;7699
Hogar;Libros;Libros;Tramontina;Accesorio para el Hogar de Libros;1u;5395
Hogar;Juguetería;Primera Infancia;Hasbro;Juguete de Colección Muñeco Articulado;1u;10306
Hogar;Juguetería;Muñecas y Muñecos;Hasbro;Juguete de Colección Muñeco Articulado;1u;22367
Hogar;Juguetería;Disfraces y Accesorios;Hasbro;Juguete de Colección Muñeco Articulado;1u;42227
Hogar;Juguetería;Juegos de Rol Herramientas, Armas, Otros;Hasbro;Juguete de Colección Muñeco Articulado;1u;22797
Hogar;Juguetería;Vehículos y Pistas;Hasbro;Juguete de Colección Muñeco Articulado;1u;44323
Hogar;Juguetería;Juegos y Creatividad;Hasbro;Juguete de Colección Muñeco Articulado;1u;12241
Hogar;Juguetería;Juguetes Aire Libre;Hasbro;Juguete de Colección Muñeco Articulado;1u;15353
Hogar;Juguetería;Comics;Hasbro;Juguete de Colección Muñeco Articulado;1u;39773
Hogar;Accesorios de Iluminación y Electricidad;Pilas y Baterias;Moura;Batería para Auto 12V Libre Mantenimiento;1u;8019
Hogar;Accesorios de Iluminación y Electricidad;Prolongadores;Tramontina;Accesorio para el Hogar de Prolongadores;1u;13660
Hogar;Accesorios de Iluminación y Electricidad;Linternas;Tramontina;Accesorio para el Hogar de Linternas;1u;15777
Hogar;Accesorios de Iluminación y Electricidad;Instalacion;Tramontina;Accesorio para el Hogar de Instalacion;1u;7855
Hogar;Accesorios de Iluminación y Electricidad;Lamparas/Velador;Tramontina;Accesorio para el Hogar de Lamparas/Velador;1u;18424
Hogar;Accesorios de Iluminación y Electricidad;Protector de Tension;Tramontina;Accesorio para el Hogar de Protector de Tension;1u;9357
Hogar;Bazar;Coccion;Tramontina;Juego de Cubiertos de Acero Inoxidable x 24u;1u;18686
Hogar;Bazar;Coccion Horno;Tramontina;Juego de Cubiertos de Acero Inoxidable x 24u;1u;4583
Hogar;Bazar;Exterior;Tramontina;Juego de Cubiertos de Acero Inoxidable x 24u;1u;19786
Hogar;Bazar;Hermeticos;Tramontina;Juego de Cubiertos de Acero Inoxidable x 24u;1u;1586
Hogar;Bazar;Hidratacion;Tramontina;Juego de Cubiertos de Acero Inoxidable x 24u;1u;11328
Hogar;Bazar;Utensilios y Cubiertos;Tramontina;Juego de Cubiertos de Acero Inoxidable x 24u;1u;15432
Hogar;Bazar;Vajilla;Tramontina;Juego de Cubiertos de Acero Inoxidable x 24u;1u;3086
Hogar;Bazar;Vasos y Copas;Tramontina;Juego de Cubiertos de Acero Inoxidable x 24u;1u;3885
Hogar;Jardineria;Herramientas de Jardin;Stanley;Herramienta Manual Destornillador Herramientas de Jardin;1u;20301
Hogar;Jardineria;Accesorios para Riego;Tramontina;Accesorio para el Hogar de Accesorios para Riego;1u;14804
Hogar;Jardineria;Insecticidas;Tramontina;Accesorio para el Hogar de Insecticidas;1u;3149
Hogar;Jardineria;Macetas;Tramontina;Accesorio para el Hogar de Macetas;1u;3333
Hogar;Jardineria;Parrilla y Accesorios;Tramontina;Accesorio para el Hogar de Parrilla y Accesorios;1u;8261
Hogar;Jardineria;Piscina;Tramontina;Accesorio para el Hogar de Piscina;1u;20154
Hogar;Jardineria;Plantas y Flores;Tramontina;Accesorio para el Hogar de Plantas y Flores;1u;14437
Hogar;Jardineria;Decoracion;Tramontina;Accesorio para el Hogar de Decoracion;1u;15486
Hogar;Jardineria;Orden y Organizacion;Tramontina;Accesorio para el Hogar de Orden y Organizacion;1u;14216
Hogar;Rodados;Accesorios;Tramontina;Accesorio para el Hogar de Accesorios;1u;2397
Hogar;Rodados;Rodados con Motor;Tramontina;Accesorio para el Hogar de Rodados con Motor;1u;9343
Hogar;Rodados;Rodados sin Motor;Tramontina;Accesorio para el Hogar de Rodados sin Motor;1u;2174
Hogar;Muebles;Accesorios para Muebles;Coto;Silla Plástica Reforzada para Exterior;1u;139657
Hogar;Muebles;Muebles Exterior;Coto;Silla Plástica Reforzada para Exterior;1u;117921
Hogar;Muebles;Muebles Interior;Coto;Silla Plástica Reforzada para Exterior;1u;50821
Hogar;Automotor;Neumaticos;YPF;Aceite Semisintético Lubricante Elaion 10W40;1L;143180
Hogar;Automotor;Baterias;Moura;Batería para Auto 12V Libre Mantenimiento;1u;80418
Hogar;Automotor;Cosmetica;YPF;Aceite Semisintético Lubricante Elaion 10W40;1L;19397
Hogar;Automotor;Lubricantes y Aditivos;YPF;Aceite Semisintético Lubricante Elaion 10W40;1L;9826
Hogar;Automotor;Accesorios;YPF;Aceite Semisintético Lubricante Elaion 10W40;1L;7205
Hogar;Automotor;Motocicletas;YPF;Aceite Semisintético Lubricante Elaion 10W40;1L;5768
Hogar;Automotor;Repuestos;YPF;Aceite Semisintético Lubricante Elaion 10W40;1L;18646
Hogar;Automotor;Seguridad y Emergencia;YPF;Aceite Semisintético Lubricante Elaion 10W40;1L;11647
Hogar;Uso Diario;Baño;Tramontina;Accesorio para el Hogar de Baño;1u;10141
Hogar;Uso Diario;Bolsas Aspiradora;Tramontina;Accesorio para el Hogar de Bolsas Aspiradora;1u;6575
Hogar;Uso Diario;Bolsas de Compra;Tramontina;Accesorio para el Hogar de Bolsas de Compra;1u;12590
Hogar;Uso Diario;Cafeteras;Tramontina;Accesorio para el Hogar de Cafeteras;1u;16448
Hogar;Uso Diario;Cestos de Basura;Tramontina;Accesorio para el Hogar de Cestos de Basura;1u;17652
Hogar;Uso Diario;Cocina y Accesorios;Tramontina;Accesorio para el Hogar de Cocina y Accesorios;1u;18172
Hogar;Uso Diario;Descartables;Tramontina;Accesorio para el Hogar de Descartables;1u;20530
Hogar;Uso Diario;Filtro de Cafe y Afines;Tramontina;Accesorio para el Hogar de Filtro de Cafe y Afines;1u;21149
Hogar;Uso Diario;Lavadero;Tramontina;Accesorio para el Hogar de Lavadero;1u;3889
Hogar;Uso Diario;Organizacion;Tramontina;Accesorio para el Hogar de Organizacion;1u;10315
Hogar;Uso Diario;Carro de Compras;Tramontina;Accesorio para el Hogar de Carro de Compras;1u;5866
Hogar;Ferreteria;Accesorios Herramientas Electricas;Stanley;Herramienta Manual Destornillador Accesorios Herramientas Electricas;1u;210985
Hogar;Ferreteria;Cajas-Orden-Traslado;Stanley;Herramienta Manual Destornillador Cajas-Orden-Traslado;1u;12377
Hogar;Ferreteria;Escaleras;Stanley;Herramienta Manual Destornillador Escaleras;1u;13890
Hogar;Ferreteria;Generador Electrico;Stanley;Herramienta Manual Destornillador Generador Electrico;1u;233507
Hogar;Ferreteria;Herramientas Electricas;Stanley;Herramienta Manual Destornillador Herramientas Electricas;1u;228923
Hogar;Ferreteria;Herramientas Manuales;Stanley;Herramienta Manual Destornillador Herramientas Manuales;1u;14256
Hogar;Ferreteria;Materiales y Consumibles;Stanley;Herramienta Manual Destornillador Materiales y Consumibles;1u;8669
Hogar;Ferreteria;Pintureria;Stanley;Herramienta Manual Destornillador Pintureria;1u;7854
Hogar;Ferreteria;Seguridad;Stanley;Herramienta Manual Destornillador Seguridad;1u;17858
Hogar;Mascotas;Accesorios para Mascotas;Whiskas;Alimento Húmedo para Gatos Sobre;85g;20426
Hogar;Mascotas;Alimento para Mascotas;Pedigree;Alimento Seco para Perros Adultos Carne y Vegetales;15kg;21007
Aire Libre;Deportes y Ejercicios;Artículos de Playa;Coto;Accesorio de Aire Libre Artículos de Playa;1u;12398
Aire Libre;Deportes y Ejercicios;Pelotas;Coto;Accesorio de Aire Libre Pelotas;1u;24738
Aire Libre;Deportes y Ejercicios;Deportes;Coto;Accesorio de Aire Libre Deportes;1u;5663
Aire Libre;Deportes y Ejercicios;Gimnasio y Ejercicios;Coto;Accesorio de Aire Libre Gimnasio y Ejercicios;1u;25121
Aire Libre;Deportes y Ejercicios;Bolsos y Mochilas Deportivas;Coto;Accesorio de Aire Libre Bolsos y Mochilas Deportivas;1u;17774
Aire Libre;Deportes y Ejercicios;Tablas de Barrenar;Coto;Accesorio de Aire Libre Tablas de Barrenar;1u;31060
Aire Libre;Deportes y Ejercicios;Protecciones;Coto;Accesorio de Aire Libre Protecciones;1u;28804
Aire Libre;Deportes y Ejercicios;Palos y Paletas;Coto;Accesorio de Aire Libre Palos y Paletas;1u;20339
Aire Libre;Deportes y Ejercicios;Aro para Basquet;Coto;Accesorio de Aire Libre Aro para Basquet;1u;8195
Aire Libre;Deportes y Ejercicios;Metegol;Coto;Accesorio de Aire Libre Metegol;1u;20776
Aire Libre;Deportes y Ejercicios;Ping-Pong;Coto;Accesorio de Aire Libre Ping-Pong;1u;38520
Aire Libre;Muebles de Exterior;Gazebos y Sombrillas;Alpes;Reposera Playera de Aluminio Multiposición;1u;61759
Aire Libre;Muebles de Exterior;Mesas de Exterior;Alpes;Reposera Playera de Aluminio Multiposición;1u;23998
Aire Libre;Muebles de Exterior;Almacenamiento;Alpes;Reposera Playera de Aluminio Multiposición;1u;32737
Aire Libre;Muebles de Exterior;Articulos de Playa;Alpes;Reposera Playera de Aluminio Multiposición;1u;92536
Aire Libre;Muebles de Exterior;Camastros y Hamacas;Alpes;Reposera Playera de Aluminio Multiposición;1u;112350
Aire Libre;Muebles de Exterior;Juegos Muebles de Exterior;Alpes;Reposera Playera de Aluminio Multiposición;1u;43238
Aire Libre;Muebles de Exterior;Muebles de Plastico;Alpes;Reposera Playera de Aluminio Multiposición;1u;76553
Aire Libre;Muebles de Exterior;Reposeras y Sillas;Alpes;Reposera Playera de Aluminio Multiposición;1u;86004
Aire Libre;Piletas;Piletas;Pelopincho;Pileta de Lona Estructural Familiar Grande;1u;113047
Aire Libre;Piletas;Accesorios de Pileta;Pelopincho;Pileta de Lona Estructural Familiar Grande;1u;13680
Aire Libre;Piletas;Cloro y Mantenimiento;Clorotec;Cloro Líquido para Pileta Mantenimiento;5L;4763
Aire Libre;Piletas;Inflables de Pileta y Otros;Pelopincho;Pileta de Lona Estructural Familiar Grande;1u;14905
Aire Libre;Piletas;Snorkel;Clorotec;Cloro Líquido para Pileta Mantenimiento;5L;4658
Aire Libre;Piletas;Antiparras;Clorotec;Cloro Líquido para Pileta Mantenimiento;5L;4176
Aire Libre;Camping;Accesorios;Coleman;Accesorio de Camping Accesorios Térmico;1u;19328
Aire Libre;Camping;Bolsas de Dormir;Coleman;Accesorio de Camping Bolsas de Dormir Térmico;1u;19163
Aire Libre;Camping;Carpas;Coleman;Accesorio de Camping Carpas Térmico;1u;154598
Aire Libre;Camping;Colchones Inflables;Coleman;Accesorio de Camping Colchones Inflables Térmico;1u;34175
Aire Libre;Camping;Sillas y Mesas Camping;Coleman;Accesorio de Camping Sillas y Mesas Camping Térmico;1u;23925
Aire Libre;Camping;Almohadas Inflables;Coleman;Accesorio de Camping Almohadas Inflables Térmico;1u;24842
Aire Libre;Camping;Lonchera;Coleman;Accesorio de Camping Lonchera Térmico;1u;16270
Aire Libre;Parrilla;Parrillas;Coto;Carbón Vegetal de Quebracho Blanco Bolsa;4kg;15715
Aire Libre;Parrilla;Carbón y Leña;Coto;Carbón Vegetal de Quebracho Blanco Bolsa;4kg;21439
Aire Libre;Parrilla;Accesorios de Parrilla;Coto;Carbón Vegetal de Quebracho Blanco Bolsa;4kg;28913
Aire Libre;Parrilla;Hornos a Leña;Coto;Carbón Vegetal de Quebracho Blanco Bolsa;4kg;7682
Aire Libre;Parrilla;Fogon;Coto;Carbón Vegetal de Quebracho Blanco Bolsa;4kg;13019
